{
  "seed": 13,
  "long_mode": false,
  "run_count": 4,
  "element": "Ar",
  "atom_count": 13,
  "dimensions": 39,
  "sigma_angstrom": 3.405,
  "epsilon_ev": 0.0103,
  "expected_ground_state_ev": -0.4565660503,
  "evals": 99552,
  "runtime_ms": 43138.77800000046,
  "initial_best_energy": -0.4565659194397093,
  "phase1_best_energy": -0.4565659194397093,
  "final_best_energy": -0.4565659194397093,
  "energy_gain_vs_phase1": 0.0,
  "gap_to_expected_ground_state_ev": 1.3086029071462946e-07,
  "phase1_best_positions": [
    [
      0.0,
      0.0,
      0.0
    ],
    [
      0.0,
      1.9367900243495382,
      3.1337920884692894
    ],
    [
      0.0,
      -1.9367900243495382,
      3.1337920884692894
    ],
    [
      0.0,
      1.9367900243495382,
      -3.1337920884692894
    ],
    [
      0.0,
      -1.9367900243495382,
      -3.1337920884692894
    ],
    [
      1.9367900243495382,
      3.1337920884692894,
      0.0
    ],
    [
      -1.9367900243495382,
      3.1337920884692894,
      0.0
    ],
    [
      1.9367900243495382,
      -3.1337920884692894,
      0.0
    ],
    [
      -1.9367900243495382,
      -3.1337920884692894,
      0.0
    ],
    [
      3.1337920884692894,
      0.0,
      1.9367900243495382
    ],
    [
      -3.1337920884692894,
      0.0,
      1.9367900243495382
    ],
    [
      3.1337920884692894,
      0.0,
      -1.9367900243495382
    ],
    [
      -3.1337920884692894,
      0.0,
      -1.9367900243495382
    ]
  ],
  "final_best_positions": [
    [
      0.0,
      0.0,
      0.0
    ],
    [
      0.0,
      1.9367900243495382,
      3.1337920884692894
    ],
    [
      0.0,
      -1.9367900243495382,
      3.1337920884692894
    ],
    [
      0.0,
      1.9367900243495382,
      -3.1337920884692894
    ],
    [
      0.0,
      -1.9367900243495382,
      -3.1337920884692894
    ],
    [
      1.9367900243495382,
      3.1337920884692894,
      0.0
    ],
    [
      -1.9367900243495382,
      3.1337920884692894,
      0.0
    ],
    [
      1.9367900243495382,
      -3.1337920884692894,
      0.0
    ],
    [
      -1.9367900243495382,
      -3.1337920884692894,
      0.0
    ],
    [
      3.1337920884692894,
      0.0,
      1.9367900243495382
    ],
    [
      -3.1337920884692894,
      0.0,
      1.9367900243495382
    ],
    [
      3.1337920884692894,
      0.0,
      -1.9367900243495382
    ],
    [
      -3.1337920884692894,
      0.0,
      -1.9367900243495382
    ]
  ],
  "trace_true_energy": [
    -0.4565659194397093
  ],
  "final_pair_distance_mean": 5.033984255000991,
  "final_pair_distance_min": 3.683993546706155,
  "final_pair_distance_max": 7.36798709341231,
  "final_coordination_numbers": [
    12,
    6,
    6,
    6,
    6,
    6,
    6,
    6,
    6,
    6,
    6,
    6,
    6
  ],
  "final_radial_shell_signature": [
    0.0,
    3.683993546706155,
    3.683993546706155,
    3.683993546706155,
    3.683993546706155,
    3.683993546706155,
    3.683993546706155,
    3.683993546706155,
    3.683993546706155,
    3.683993546706155,
    3.683993546706155,
    3.683993546706155,
    3.683993546706155
  ],
  "best_run_summary": {
    "index": 0,
    "seed": null,
    "seed_kind": "scaled_icosahedral_reference",
    "gonm_final_energy": -0.4565659194397093,
    "refined_final_energy": -0.4565659194397093,
    "runtime_ms": 0.0,
    "evals": 0,
    "trace_points": 1,
    "icosahedral_scale": 1.0135
  },
  "multistart_runs": [
    {
      "index": 1,
      "seed": 13,
      "seed_kind": "icosahedral",
      "gonm_final_energy": 0.3846059047534556,
      "refined_final_energy": 0.3846059047534556,
      "runtime_ms": 10080.20779999788,
      "evals": 24888,
      "trace_points": 1801
    },
    {
      "index": 2,
      "seed": 110,
      "seed_kind": "icosahedral",
      "gonm_final_energy": 0.08657992726072107,
      "refined_final_energy": 0.08657992726072107,
      "runtime_ms": 11125.786100001278,
      "evals": 24888,
      "trace_points": 1801
    },
    {
      "index": 3,
      "seed": 207,
      "seed_kind": "icosahedral",
      "gonm_final_energy": 0.6705582279662617,
      "refined_final_energy": 0.6705582279662615,
      "runtime_ms": 11113.00570000094,
      "evals": 24888,
      "trace_points": 1801
    },
    {
      "index": 4,
      "seed": 304,
      "seed_kind": "icosahedral",
      "gonm_final_energy": 0.9006332429159628,
      "refined_final_energy": 0.9006332429159628,
      "runtime_ms": 10819.77840000036,
      "evals": 24888,
      "trace_points": 1801
    }
  ]
}