{
  "theory": "T02_CPP",
  "test": "contractive_propagation_linear_map",
  "alpha": 0.82,
  "initial_state": [
    1.0,
    -0.5,
    0.25
  ],
  "initial_perturbation": [
    0.01,
    -0.005,
    0.0025
  ],
  "norm_sequence": [
    0.0114564392373896,
    0.009394280174659455,
    0.007703309743220839,
    0.0063167139894411166,
    0.005179705471341726,
    0.004247358486500235,
    0.0034828339589301313,
    0.0028559238463226806,
    0.0023418575539846183,
    0.0019203231942673928,
    0.001574665019299247,
    0.0012912253158253856,
    0.0010588047589768302,
    0.0008682199023610014,
    0.0007119403199360244,
    0.0005837910623475383,
    0.00047870867112497954,
    0.0003925411103224829,
    0.00032188371046443535,
    0.0002639446425808378,
    0.00021643460691628705
  ],
  "ratio_sequence": [
    0.8199999999999985,
    0.8200000000000092,
    0.8200000000000037,
    0.8200000000000016,
    0.8200000000000038,
    0.8199999999999856,
    0.8199999999999922,
    0.8200000000000071,
    0.8200000000000025,
    0.8199999999999921,
    0.820000000000002,
    0.8200000000000108,
    0.8200000000000006,
    0.8200000000000037,
    0.8199999999999976,
    0.8199999999999967,
    0.8199999999999994,
    0.8199999999999984,
    0.8200000000000024,
    0.8200000000000003
  ],
  "mean_ratio_tail": 0.8199999999999996,
  "is_contractive": true
}