{
  "theory": "T02_CPP",
  "simulation": "contractive_vs_expansive_regime",
  "contractive_alpha": 0.78,
  "expansive_alpha": 1.05,
  "contractive": {
    "norm_sequence": [
      0.0125,
      0.009750000000000003,
      0.007604999999999974,
      0.005931899999999995,
      0.004626882000000038,
      0.0036089679600000593,
      0.002814995008800031,
      0.002195696106864023,
      0.0017126429633539414,
      0.0013358615114160768,
      0.0010419719789045434,
      0.0008127381435455536,
      0.000633935751965533,
      0.0004944698865331165,
      0.00038568651149582935,
      0.0003008354789667468,
      0.00023465167359406415,
      0.000183028305403371,
      0.0001427620782146295,
      0.0001113544210074112,
      8.685644838578007e-05
    ],
    "ratio_sequence": [
      0.7800000000000002,
      0.779999999999997,
      0.780000000000002,
      0.780000000000007,
      0.7800000000000065,
      0.7799999999999957,
      0.7799999999999996,
      0.7800000000000017,
      0.7800000000000015,
      0.7800000000000026,
      0.7800000000000094,
      0.7800000000000015,
      0.7800000000000012,
      0.7799999999999969,
      0.7799999999999998,
      0.7800000000000055,
      0.7800000000000041,
      0.7800000000000006,
      0.7800000000000014,
      0.7799999999999939
    ]
  },
  "expansive": {
    "norm_sequence": [
      0.0125,
      0.013124999999999942,
      0.013781250000000078,
      0.014470312500000082,
      0.01519382812500001,
      0.01595351953124997,
      0.01675119550781239,
      0.017588755283203073,
      0.018468193047363288,
      0.01939160269973139,
      0.020361182834717974,
      0.021379241976453776,
      0.022448204075276302,
      0.023570614279040104,
      0.0247491449929921,
      0.025986602242641644,
      0.027285932354773747,
      0.02865022897251226,
      0.03008274042113803,
      0.031586877442195196,
      0.03316622131430482
    ],
    "ratio_sequence": [
      1.0499999999999954,
      1.0500000000000105,
      1.05,
      1.0499999999999947,
      1.0499999999999974,
      1.049999999999995,
      1.0500000000000038,
      1.0500000000000034,
      1.0499999999999967,
      1.0500000000000007,
      1.0499999999999952,
      1.0499999999999925,
      1.0499999999999994,
      1.0499999999999996,
      1.0499999999999976,
      1.0500000000000007,
      1.0499999999999936,
      1.0500000000000054,
      1.0500000000000087,
      1.0499999999999958
    ]
  },
  "contractive_tail_mean": 0.7800000000000011,
  "expansive_tail_mean": 1.0500000000000007
}