{
  "theory": "T04_CSD",
  "test": "affine_translation_and_covariance_recovery",
  "applied_translation": [
    0.4,
    -0.3
  ],
  "recovered_translation": [
    0.4000000000000001,
    -0.3000000000000002
  ],
  "translation_error_norm": 2.2887833992611187e-16,
  "covariance_error_norm": 7.343435057440258e-17
}