{
  "seed": 23,
  "sequence": "HHPPHHPPHHPPHHPPHHPPHH",
  "residues": 22,
  "dimensions": 66,
  "evals": 27144,
  "runtime_ms": 37231.12619999847,
  "initial_best_energy": 19.018812419250924,
  "phase1_best_energy": 19.018812419250924,
  "final_true_energy": 7.702867400335011,
  "energy_gain_vs_phase1": 11.315945018915913,
  "phase1_radius_of_gyration": 3.7123291803372025,
  "final_radius_of_gyration": 2.862718594813225,
  "phase1_hh_contacts": 1,
  "final_hh_contacts": 1,
  "phase1_best_positions": [
    [
      -4.5,
      0.13471286394604548,
      0.24769749532663599
    ],
    [
      -4.5,
      0.2624893655365783,
      1.2395004826387759
    ],
    [
      -4.5,
      0.945343659623464,
      1.9700550754291444
    ],
    [
      -4.248074898730673,
      0.028654965070515986,
      2.034994640959548
    ],
    [
      -3.6914844857927034,
      0.8549860734034145,
      2.1209249128482397
    ],
    [
      -3.013070550762669,
      1.4724388251351603,
      1.7227959988819725
    ],
    [
      -2.058818801725702,
      1.6313773916552377,
      1.469533029752192
    ],
    [
      -1.116074086864813,
      1.7550417688709394,
      1.1597919694942502
    ],
    [
      -0.24545288126791265,
      1.309840799941575,
      0.9504720859920968
    ],
    [
      0.7195468542397518,
      1.2571508309064476,
      0.6935688403270899
    ],
    [
      1.562641725149081,
      0.8782633943507289,
      0.3119468427082187
    ],
    [
      2.479367442747529,
      1.1636231803848989,
      0.032333267915893985
    ],
    [
      3.223136513220432,
      1.565362504147115,
      -0.5019073946613298
    ],
    [
      3.446333139974854,
      1.677127528191512,
      -1.4702522945837708
    ],
    [
      3.6637748276303124,
      1.0990615754554165,
      -2.2567374290630284
    ],
    [
      3.3682302909786945,
      0.14387174270063116,
      -2.240433740607171
    ],
    [
      2.890282973216046,
      -0.7061070825359438,
      -2.0188432216472174
    ],
    [
      2.3107735466915114,
      -1.4285492922797642,
      -1.6416879775504787
    ],
    [
      1.961118418237148,
      -2.298654972141798,
      -1.2943302411786075
    ],
    [
      1.3917830280964378,
      -3.0823874824038175,
      -1.0460953405467284
    ],
    [
      0.9462860685560818,
      -3.9373184192012367,
      -0.7803406560217219
    ],
    [
      0.3367958997975894,
      -4.5,
      -0.7029863464140005
    ]
  ],
  "final_best_positions": [
    [
      -1.1302373570277917,
      0.40720101209417736,
      2.9928270851667502
    ],
    [
      -0.571855862460231,
      -0.40968198250744947,
      3.1374378719538214
    ],
    [
      -0.023559125291122585,
      -1.2152829805077785,
      3.3618876882392974
    ],
    [
      0.4121189811841179,
      -2.047469701207225,
      3.018886450005891
    ],
    [
      0.8282159619392473,
      -2.440820178466795,
      2.1990457919227886
    ],
    [
      1.0405947222811287,
      -2.4241298021643747,
      1.2220009139900863
    ],
    [
      1.1749958654897625,
      -2.280743364960993,
      0.24150274350207712
    ],
    [
      1.2695463060585206,
      -1.6365536807600132,
      -0.5174965087750878
    ],
    [
      1.4066913886339565,
      -0.8074701412957868,
      -1.0595405207472224
    ],
    [
      1.4431021141726788,
      -0.04322090651973603,
      -1.7034328768207858
    ],
    [
      1.2440738808681433,
      0.7168953043848719,
      -2.321988539851767
    ],
    [
      0.7077248309395429,
      1.2828893248331126,
      -2.9480719731556073
    ],
    [
      -0.1759781783617992,
      1.7263911414355335,
      -3.0976551607874563
    ],
    [
      -1.078403350769006,
      2.13927194169879,
      -2.9745363036623345
    ],
    [
      -1.883055105999243,
      2.488724880729108,
      -2.494517349653254
    ],
    [
      -2.118116366348179,
      2.4264516435061814,
      -1.5245337169001303
    ],
    [
      -1.8477374464211376,
      1.9193570914218991,
      -0.7061509489330084
    ],
    [
      -1.3719209667262748,
      1.3817230668664724,
      -0.010055888405264729
    ],
    [
      -0.9028142928124687,
      0.692689136258527,
      0.542367111623238
    ],
    [
      -0.28164713498093974,
      -0.06200927278935047,
      0.7535108385300614
    ],
    [
      0.5119537229281036,
      -0.6323135052524976,
      0.965526783120677
    ],
    [
      1.3463074127029921,
      -1.1818990267966722,
      0.9229865096372292
    ]
  ],