{
  "theory": "T01_CDRCGM",
  "simulation": "perturbation_decay",
  "initial_value": 0.1464466094067262,
  "initial_perturbation": 0.001,
  "steps": 20,
  "delta_sequence": [
    0.001,
    0.0002706773528682871,
    6.899991318920495e-05,
    1.733374547835398e-05,
    4.338681325433136e-06,
    1.0849982897687127e-06,
    2.712700721274608e-07,
    6.781879929862455e-08,
    1.6954779913369578e-08,
    4.23869994659043e-09,
    1.0596752919589392e-09,
    2.649188646230982e-10,
    6.622968840019894e-11,
    1.6557422100049735e-11,
    4.139355525012434e-12,
    1.0348388812531084e-12,
    2.5868196473766147e-13,
    6.467049118441537e-14,
    1.6153745008296028e-14,
    3.9968028886505635e-15,
    9.992007221626409e-16
  ],
  "ratio_sequence": [
    0.2706773528682871,
    0.2549157233068577,
    0.2512140186440966,
    0.2503025864116437,
    0.2500755894212618,
    0.25001889374893577,
    0.2500047232145784,
    0.2500011809220197,
    0.25000029302934396,
    0.250000072029475,
    0.2500000392887932,
    0.2499998952299012,
    0.25,
    0.25,
    0.25,
    0.24997317884347173,
    0.25,
    0.2497854077253219,
    0.24742268041237114,
    0.25
  ],
  "tail_mean_ratio": 0.24943625339623293
}