{
  "index": 5,
  "seed_state": "simulacao\\experiment_results\\gonm_lj38_parallel_escape_freeze_10x_1000k\\instance_05_seed_state.npz",
  "stage1_final_energy": -150.2939543879526,
  "stage1_evals": 297720,
  "stage1_runtime_ms": 871499.8150000001,
  "stage2_final_energy": -151.12799026414262,
  "stage2_evals": 704304,
  "stage2_runtime_ms": 2193289.8347,
  "total_evals": 1002024,
  "total_runtime_ms": 3064789.6497,
  "final_best_positions": [
    [
      -0.579408718466761,
      1.6323005112510653,
      0.32460997720470686
    ],
    [
      0.17232363475360904,
      -0.32197727043518015,
      -1.5163950783775109
    ],
    [
      0.24985399957238955,
      0.21217413303833277,
      -0.5464568391785943
    ],
    [
      -0.21468783360105842,
      -1.4854318749578512,
      -0.14968355702193784
    ],
    [
      0.9690356223242963,
      -1.080664073478672,
      -1.5295853734005025
    ],
    [
      0.4997864851252149,
      -0.7987354662252624,
      -0.5955713547410398
    ],
    [
      -0.5441733927145695,
      0.6166041544896907,
      2.873864509934337
    ],
    [
      1.8053519223669972,
      -0.8850412801294931,
      0.5133711150406347
    ],
    [
      -0.27862564094734077,
      0.5702684087329889,
      0.27494817313609643
    ],
    [
      -1.5017322882778068,
      -0.03049492693638835,
      -0.8706322859029567
    ],
    [
      1.1799387989744363,
      -0.043415803867008815,
      -1.0013595379471283
    ],
    [
      0.7583721738035956,
      -1.8221052729164007,
      -0.6650218044242885
    ],
    [
      0.5209231929278167,
      0.7417906955095734,
      -1.4674536890618968
    ],
    [
      0.5194123383235848,
      0.21006474332669772,
      0.9609786937433737
    ],
    [
      -0.8885573772244788,
      -0.5737044748589781,
      -1.6907151215083864
    ],
    [
      -0.5394620105495549,
      0.009070281280836825,
      1.167105227433118
    ],
    [
      1.5465586121918289,
      -1.007570604854549,
      -0.5650328586705889
    ],
    [
      -1.1077496038585894,
      0.8752683326937278,
      -0.3463286941544905
    ],
    [
      -0.9832432426212238,
      1.7412559289396072,
      1.3804123076152217
    ],
    [
      -0.7806330896021001,
      -0.27827137224102516,
      2.2269662992783616
    ],
    [
      -1.2047302872426284,
      0.8315281932164901,
      0.781919915111929
    ],
    [
      -0.20989472004059775,
      1.4660830172769197,
      2.207998278281997
    ],
    [
      0.7708817134911835,
      -1.2443283284752613,
      0.3489276555455386
    ],
    [
      -0.9633666689975995,
      0.7523830783439303,
      1.8543415158332381
    ],
    [
      -0.11604270046781104,
      1.086683583561985,
      1.1827257401802673
    ],
    [
      -3.2261015380447775,
      1.0991007176182168,
      -0.564962664138533
    ],
    [
      1.0635904798191196,
      -0.17896237072561788,
      0.09272207259526233
    ],
    [
      1.6128574068436867,
      -1.9011471009064447,
      0.07902451741961458
    ],
    [
      -0.11779009797422155,
      -1.3776093214850704,
      -1.2786317813046173
    ],
    [
      0.09852178570028056,
      0.3889895002676203,
      1.994341803059898
    ],
    [
      1.0897831650906864,
      -0.09496836990044254,
      -2.0949096284668696
    ],
    [
      -1.1022840615076879,
      -0.1330311591860486,
      0.1912527957072256
    ],
    [
      -0.5420480350093804,
      -0.5325805472511528,
      -0.6604219229572508
    ],
    [
      1.9605529966336686,
      -0.5811489082292001,
      -1.5433009248443308
    ],
    [
      -0.5654169685409182,
      0.44159973239731976,
      -1.2281907186104906
    ],
    [
      -0.06598352829243648,
      1.2516202920899826,
      -0.595785691992165
    ],
    [
      -0.029694693179754074,
      -0.48417322257907225,
      0.3179142593231262
    ],
    [
      0.7438821692189017,
      0.9285764456041347,
      0.13701467025963127
    ]
  ],
  "final_pair_distance_mean": 2.462607062622914,
  "final_pair_distance_min": 1.04030208833052,
  "final_pair_distance_max": 5.7298979164457435
}