{
  "index": 4,
  "seed_state": "simulacao\\experiment_results\\gonm_lj38_parallel_escape_freeze_10x_1000k\\instance_04_seed_state.npz",
  "stage1_final_energy": -150.03513267871446,
  "stage1_evals": 297720,
  "stage1_runtime_ms": 869870.1262,
  "stage2_final_energy": -151.09647449221268,
  "stage2_evals": 704304,
  "stage2_runtime_ms": 2196585.9576000003,
  "total_evals": 1002024,
  "total_runtime_ms": 3066456.0838,
  "final_best_positions": [
    [
      -0.6890705425073664,
      0.7729748669333227,
      -1.3767504963745263
    ],
    [
      -0.752518195866721,
      -1.276787699655473,
      0.40944664868688224
    ],
    [
      -0.21167134556666997,
      -0.5840587568819261,
      -0.28512078235490596
    ],
    [
      0.23296416277011966,
      -0.1496469899408116,
      1.4587186802746377
    ],
    [
      0.010115378088744319,
      -1.890240714989195,
      0.9224359251686913
    ],
    [
      0.22264090185857222,
      -0.8674609445184758,
      0.6475424582629661
    ],
    [
      1.2730205995489485,
      2.5793583089300904,
      -0.7498597537128219
    ],
    [
      1.8713401073158762,
      -0.9589266096175546,
      0.1928008085578257
    ],
    [
      -0.23591449846649692,
      0.4433264505059366,
      -0.419470192369488
    ],
    [
      -1.5435080685724705,
      0.3367842523952374,
      0.6059236354732234
    ],
    [
      0.18837396527800568,
      -1.5694855015818545,
      -0.19002726089793592
    ],
    [
      0.6583004776066109,
      -1.2011414225951687,
      1.570328258217041
    ],
    [
      -0.840289612135447,
      -1.3776168224115948,
      -0.6641405261485148
    ],
    [
      0.9079572024998832,
      0.40030324034916115,
      -0.5037946873344362
    ],
    [
      -1.492371071370354,
      -0.7141478521216142,
      1.0095939657145085
    ],
    [
      0.3703300321946571,
      1.2263199753678231,
      0.02087504432283359
    ],
    [
      1.0192762133265796,
      -1.5776275453102768,
      0.5285464765827081
    ],
    [
      -1.2996575670540014,
      0.5824601007118286,
      -0.4362272109741073
    ],
    [
      -0.3531818027167715,
      1.8651275832642904,
      -1.5086728181134315
    ],
    [
      1.0276146152823267,
      2.1004700092127724,
      0.2447458530781081
    ],
    [
      -0.6000124528261681,
      1.4571835050372342,
      -0.49634252241987975
    ],
    [
      0.7751315003911659,
      1.9734624534482172,
      -1.5563394269076507
    ],
    [
      1.171010705540386,
      -0.4382818759184782,
      0.8776840455607304
    ],
    [
      0.2802750620967319,
      2.117293094165426,
      -0.5960136569019886
    ],
    [
      0.30542513850112235,
      1.0840284892479333,
      -1.1004129151795374
    ],
    [
      -2.8442829834895145,
      1.9602563589237616,
      0.07948772207825229
    ],
    [
      0.8684266331406755,
      -0.6647116824308708,
      -0.20086736225425794
    ],
    [
      1.7612251046954703,
      -1.2843128259265875,
      1.2845100115770542
    ],
    [
      -0.49254484543424515,
      -1.0079527539099895,
      1.4515048079874624
    ],
    [
      1.2181237587527909,
      1.4641975116993535,
      -0.6443056944053175
    ],
    [
      -0.5793051279697046,
      -2.307308168145372,
      0.0605006522062685
    ],
    [
      -0.5938991641627444,
      0.901811281132951,
      0.47983687098464645
    ],
    [
      -0.5900333480507469,
      -0.186339978136925,
      0.6726946560970205
    ],
    [
      0.5188705649099785,
      -2.5508265890814332,
      0.20435096572614977
    ],
    [
      -1.3024916873038177,
      -0.48786118034086146,
      -0.10815023710919709
    ],
    [
      -0.8799899964000794,
      -0.262050941258452,
      -1.08949941523165
    ],
    [
      0.3953850058498305,
      0.19442111992075112,
      0.422843960357798
    ],
    [
      0.22493518024484385,
      -0.10299174647317749,
      -1.2183764882251615
    ]
  ],
  "final_pair_distance_mean": 2.4602344834259733,
  "final_pair_distance_min": 1.0364158715463558,
  "final_pair_distance_max": 5.7610773874169325
}