{
  "index": 2,
  "seed_state": "simulacao\\experiment_results\\gonm_lj38_parallel_escape_freeze_10x_1000k\\instance_02_seed_state.npz",
  "stage1_final_energy": -150.45043156740212,
  "stage1_evals": 297720,
  "stage1_runtime_ms": 875340.4298000002,
  "stage2_final_energy": -150.99049495410102,
  "stage2_evals": 704304,
  "stage2_runtime_ms": 2203827.0586,
  "total_evals": 1002024,
  "total_runtime_ms": 3079167.4884,
  "final_best_positions": [
    [
      0.007097317543035778,
      1.3220230399261166,
      -1.107640658624033
    ],
    [
      -1.3249619878254848,
      -0.8146114168761825,
      -0.0040203888446731385
    ],
    [
      -0.44025529486567944,
      -0.3014255978242597,
      -0.3784640298970898
    ],
    [
      -0.176362753516575,
      -0.5366458838770779,
      1.3993588942008037
    ],
    [
      -1.0146199084196745,
      -1.8076445148306826,
      0.34267123216996437
    ],
    [
      -0.3354633534197855,
      -0.9837285216183883,
      0.4170225420987958
    ],
    [
      2.4406518579151184,
      1.6789419071143883,
      0.07950806100763624
    ],
    [
      1.1897934721272252,
      -1.664209842898461,
      0.05931029416743134
    ],
    [
      0.10888447616572818,
      0.5797672829467754,
      -0.30520323383787124
    ],
    [
      -1.3390388584092103,
      0.8942655668356132,
      0.6391115134056058
    ],
    [
      -0.516989071813894,
      -1.3440919977285486,
      -0.6060597135194107
    ],
    [
      -0.25465868669950703,
      -1.6754141875353146,
      1.219766905464432
    ],
    [
      -1.223820473424534,
      -0.5777225168155855,
      -1.0754900771839828
    ],
    [
      1.0665567348456604,
      -0.013502201860460276,
      -0.29377460334015043
    ],
    [
      -1.8615337245996115,
      -0.11369763394397005,
      0.6516499622181461
    ],
    [
      0.9012698120153428,
      0.8136624328945059,
      0.4210321209211939
    ],
    [
      0.10217814237076918,
      -1.9128271380478232,
      0.13248516080420628
    ],
    [
      -0.7636483800833602,
      1.190970507885663,
      -0.2646071562372699
    ],
    [
      0.8732589032713328,
      2.0503603569777336,
      -0.910100401373607
    ],
    [
      1.8193126013713827,
      1.1916222001014303,
      0.8843398745912929
    ],
    [
      0.2722518639801984,
      1.61634753028337,
      -0.06319363688581933
    ],
    [
      1.8982127905268604,
      1.572760003974855,
      -0.9064878974947207
    ],
    [
      0.6450446962721589,
      -1.0846403424291837,
      0.8281231935797946
    ],
    [
      1.3557005868392242,
      1.7386216741198302,
      0.03785867040741716
    ],
    [
      0.9931375648936922,
      0.9838708359854044,
      -0.7246814223776548
    ],
    [
      -1.732566452122879,
      3.195118228439384,
      -0.1405002032825893
    ],
    [
      0.471722994738399,
      -0.9144264960092818,
      -0.3062495517157007
    ],
    [
      0.7502646671075119,
      -2.1775872912651417,
      0.973266498463117
    ],
    [
      -1.176566998090973,
      -0.960517815135409,
      1.0845184100167953
    ],
    [
      1.8847384392482982,
      0.745331682558052,
      -0.13475808726591723
    ],
    [
      -1.5521220447682975,
      -1.6591682074077454,
      -0.6902035248600469
    ],
    [
      -0.19064911599437875,
      0.9011150235458911,
      0.6873850107983109
    ],
    [
      -0.7732331829882716,
      -0.027008986025888086,
      0.602856584688295
    ],
    [
      -0.687409478027059,
      -2.419383291647044,
      -0.516734303489882
    ],
    [
      -1.3801945619798426,
      0.2536932217390257,
      -0.2905942692001851
    ],
    [
      -0.6714236171188278,
      0.4535023038824506,
      -1.1243077390127372
    ],
    [
      0.3026460943705732,
      -0.10391771354341321,
      0.5010795422845121
    ],
    [
      0.33279492856533266,
      -0.08980220189062714,
      -1.1182735728444095
    ]
  ],
  "final_pair_distance_mean": 2.460350210984689,
  "final_pair_distance_min": 1.0408758453769658,
  "final_pair_distance_max": 6.0225319620571405
}