{
  "index": 7,
  "seed_state": "simulacao\\experiment_results\\gonm_lj38_parallel_escape_freeze_10x_1000k\\instance_07_seed_state.npz",
  "stage1_final_energy": -150.29825543345595,
  "stage1_evals": 297720,
  "stage1_runtime_ms": 869060.8840000001,
  "stage2_final_energy": -151.16127017727544,
  "stage2_evals": 704304,
  "stage2_runtime_ms": 2195793.7191,
  "total_evals": 1002024,
  "total_runtime_ms": 3064854.6031,
  "final_best_positions": [
    [
      -0.411842889528814,
      0.8339682503404807,
      1.4806366844325727
    ],
    [
      1.026695106012571,
      0.7390165182227224,
      -0.859782660971371
    ],
    [
      0.5817206850741605,
      0.27870184160569655,
      0.03464468536284738
    ],
    [
      -0.29390637307462997,
      -0.38739992309560717,
      -1.4265512473830353
    ],
    [
      1.5235133059003516,
      -0.06495685395865673,
      -1.4503756847939675
    ],
    [
      0.6314168431071572,
      -0.264172932810902,
      -0.8699481073141576
    ],
    [
      -2.129580030055535,
      -1.2971197678509165,
      1.633356349710895
    ],
    [
      0.9244190040907603,
      -1.8297335248682327,
      -0.28325424923362336
    ],
    [
      -0.3171543293789313,
      0.26400455489632696,
      0.5413365818285326
    ],
    [
      -0.600650243039108,
      1.511122269676539,
      -0.6381657080376404
    ],
    [
      1.5291087716438783,
      -0.11852953642177441,
      -0.28567354878526224
    ],
    [
      0.7051797738021802,
      -0.8028697588239538,
      -1.7847831984107763
    ],
    [
      1.4365549420778096,
      0.9303890084383751,
      0.1343127666857594
    ],
    [
      -0.1900002342309416,
      -0.8959241308020897,
      0.6628246276362619
    ],
    [
      0.2876613325642217,
      1.4034483275277512,
      -1.3316014748273837
    ],
    [
      -1.158602370507786,
      -0.4106496557879256,
      0.3788956735453161
    ],
    [
      1.3709052089168237,
      -1.0234815346237867,
      -0.8877071151803141
    ],
    [
      -0.5217496489258543,
      1.3095221230840501,
      0.4513748824065692
    ],
    [
      -1.3413469622989178,
      0.41511334057436766,
      1.9791125347909146
    ],
    [
      -2.0235627982668283,
      -1.1067713703885818,
      0.5264301852554475
    ],
    [
      -1.3023589570658134,
      0.5947567074854652,
      0.85507677093596
    ],
    [
      -1.3154188126219777,
      -0.716771456201427,
      2.1581339408532605
    ],
    [
      0.19035669984826356,
      -1.247174531227552,
      -0.8433269804860721
    ],
    [
      -1.8035627679049973,
      -0.2979863968541312,
      1.2624230767728066
    ],
    [
      -0.6815443092240179,
      -0.2403368484475208,
      1.3972542163489066
    ],
    [
      -1.6357108640346427,
      3.01459437944612,
      0.4291020246275063
    ],
    [
      0.726215074734483,
      -0.8048528480000533,
      0.0751135997770271
    ],
    [
      0.8829186736124974,
      -1.8571686791913529,
      -1.4446286835826823
    ],
    [
      0.4902706918050569,
      0.3482718311468087,
      -1.752377641310637
    ],
    [
      -1.1292973632723524,
      -1.2198891504805873,
      1.170384726062096
    ],
    [
      2.123384750417172,
      0.619151218592135,
      -0.8005759899496132
    ],
    [
      -1.0206227541074409,
      0.5344134856566397,
      -0.23366183776668503
    ],
    [
      -0.08740417203718827,
      0.5387172772812253,
      -0.79618560425293
    ],
    [
      2.370300951024792,
      -0.4922561409016917,
      -0.8889498339272323
    ],
    [
      0.3939060317824984,
      1.3305748746514603,
      -0.1897427022841913
    ],
    [
      0.49920606065072454,
      0.9732956753926404,
      0.8565248803816004
    ],
    [
      -0.2765309538035068,
      -0.40562734666558153,
      -0.3068063229706119
    ],
    [
      0.5471129263138819,
      -0.15538929661647954,
      1.0471603840539065
    ]
  ],
  "final_pair_distance_mean": 2.457309666960272,
  "final_pair_distance_min": 1.0319539620490132,
  "final_pair_distance_max": 5.79555319312171
}