{
  "index": 1,
  "seed_state": "simulacao\\experiment_results\\gonm_lj38_parallel_escape_freeze_10x_1000k\\instance_01_seed_state.npz",
  "stage1_final_energy": -150.62179724980592,
  "stage1_evals": 297720,
  "stage1_runtime_ms": 872318.8370999999,
  "stage2_final_energy": -151.02658610878123,
  "stage2_evals": 704304,
  "stage2_runtime_ms": 2202145.5165000004,
  "total_evals": 1002024,
  "total_runtime_ms": 3074464.3536,
  "final_best_positions": [
    [
      -1.6194096357254466,
      0.44182421917837456,
      -0.4177650706119679
    ],
    [
      0.23284321149506898,
      -1.494939617672354,
      -0.1464537079872819
    ],
    [
      -0.07742699809175928,
      -0.47061927386049013,
      -0.5004834388564215
    ],
    [
      1.0718454672334676,
      -0.31116427890753084,
      0.9429248721122575
    ],
    [
      1.3029612468836678,
      -1.6061537174139644,
      -0.3339049697756508
    ],
    [
      0.8790153486548151,
      -0.6437456497160763,
      -0.0751243339396667
    ],
    [
      -0.617988011360487,
      2.8662436894331598,
      0.37846333662745424
    ],
    [
      1.8461031760347235,
      0.4312243203351267,
      -1.002284162601729
    ],
    [
      -0.6011244742678608,
      0.26021732209938514,
      0.013466893861493487
    ],
    [
      -0.8563217467727342,
      -0.8909879550984188,
      1.1747176839716778
    ],
    [
      0.6573838568053321,
      -0.9696381087882593,
      -1.0907946837239761
    ],
    [
      1.8584325895439802,
      -0.8346949506317809,
      0.33353383426828426
    ],
    [
      -0.42302780054327915,
      -1.3723150093002754,
      -1.0007955724929811
    ],
    [
      0.1521419014861673,
      0.9616911555258271,
      -0.49791967204817567
    ],
    [
      -0.14133481118530472,
      -1.7070421065366077,
      0.8507871690492868
    ],
    [
      -0.23299869906175988,
      1.116763982455824,
      0.5654488516431242
    ],
    [
      1.6748810500170168,
      -0.6443718193041069,
      -0.7998228217124073
    ],
    [
      -1.4193308681317236,
      -0.30361094359282104,
      0.41121270526599935
    ],
    [
      -1.9033652280283964,
      1.4754005808915405,
      -0.06260886639677975
    ],
    [
      -0.056078049214139156,
      2.1246388034305377,
      1.0065110070557062
    ],
    [
      -1.3270562094897036,
      0.8029839841783877,
      0.6102409826654038
    ],
    [
      -1.1746208607769888,
      2.295852626957121,
      -0.4255637170634901
    ],
    [
      1.5265795238351716,
      0.21457709326164542,
      0.02245105793206862
    ],
    [
      -1.0527291694434602,
      1.8507410626111658,
      0.5741207741105399
    ],
    [
      -0.8844998691421309,
      1.247704242764154,
      -0.3490997342185998
    ],
    [
      -2.415309470222164,
      -0.31630010695567595,
      2.492319837070835
    ],
    [
      0.7938683216417564,
      0.12894499701438789,
      -0.8233096644183125
    ],
    [
      2.5160608653825265,
      -0.14061210587549075,
      -0.30081310706002573
    ],
    [
      0.9193091966704732,
      -1.3856134264166184,
      0.7154282999385772
    ],
    [
      -0.13261825153724258,
      2.000535236274966,
      -0.09517643209998719
    ],
    [
      0.5554471130400138,
      -2.0569971936893654,
      -1.0342060759592233
    ],
    [
      -0.4990183070105069,
      0.16454843312767603,
      1.0838765850735153
    ],
    [
      0.04247954838658218,
      -0.6515389838315159,
      0.594102524479054
    ],
    [
      1.512839035687424,
      -1.5750265454534098,
      -1.4251743239628143
    ],
    [
      -0.7743404455487581,
      -1.1638627148721197,
      0.07634274786625307
    ],
    [
      -1.155933801125637,
      -0.5099753071519192,
      -0.688688033537687
    ],
    [
      0.4494211382235961,
      0.29092274595044243,
      0.2750495761786316
    ],
    [
      -0.6270798843423007,
      0.3743953195790797,
      -1.0510103507029844
    ]
  ],
  "final_pair_distance_mean": 2.4608149862888085,
  "final_pair_distance_min": 1.0356283701445668,
  "final_pair_distance_max": 5.688717204536156
}