{
  "index": 8,
  "seed_state": "simulacao\\experiment_results\\gonm_lj38_parallel_escape_freeze_10x_1000k\\instance_08_seed_state.npz",
  "stage1_final_energy": -150.50880848165824,
  "stage1_evals": 297720,
  "stage1_runtime_ms": 867287.7707000001,
  "stage2_final_energy": -150.9970893177252,
  "stage2_evals": 704304,
  "stage2_runtime_ms": 2187716.4170999993,
  "total_evals": 1002024,
  "total_runtime_ms": 3055004.1877999995,
  "final_best_positions": [
    [
      1.1777638886024504,
      0.882954435020284,
      -0.9651517082974668
    ],
    [
      0.6205192034233992,
      -1.230221627177374,
      0.7425349466128792
    ],
    [
      0.4717934100349806,
      -0.1823798944103376,
      0.38623482798742315
    ],
    [
      -1.0807739853266667,
      -1.0250619413184254,
      0.10135139907935976
    ],
    [
      -0.06208792132194789,
      -1.3936398095971063,
      1.595349133560618
    ],
    [
      -0.3299207028471044,
      -0.7051341695338333,
      0.8031780325246691
    ],
    [
      -1.1019158860704754,
      2.297105797638143,
      -1.5493222704194456
    ],
    [
      -1.1614449643568066,
      0.5066533713738102,
      1.684935749255523
    ],
    [
      0.3266410424760799,
      0.4258753288255739,
      -0.445010797613505
    ],
    [
      0.516956172514719,
      -1.223584715496627,
      -1.0884158475851418
    ],
    [
      0.4511335242478579,
      -0.32536815038763456,
      1.456523720920376
    ],
    [
      -1.1229039208415887,
      -1.2727753483688755,
      1.2393095074162561
    ],
    [
      1.3987509896575134,
      -0.4714371261243017,
      0.8623113137182955
    ],
    [
      -0.3971071415843095,
      1.047028626729434,
      0.1242628604353856
    ],
    [
      0.5921306062835873,
      -1.8669554604785328,
      -0.15654464037126484
    ],
    [
      -0.6381616381459514,
      0.6869005401706136,
      -0.8793673544041677
    ],
    [
      -0.5887021872897777,
      -0.42882501610954227,
      1.8025141732759842
    ],
    [
      0.954692214054154,
      -0.20138610680740934,
      -1.0524842254664863
    ],
    [
      0.6812500441687832,
      1.602607537875565,
      -1.698524198706524
    ],
    [
      -1.4709890935441645,
      1.2616723431019314,
      -1.3325918140404185
    ],
    [
      0.2684660217773317,
      0.5784845136181594,
      -1.5172525663966117
    ],
    [
      -0.02562941839614409,
      2.3684893552225534,
      -1.2623480632904345
    ],
    [
      -1.267913959828804,
      -0.19835675565545657,
      0.8327624260134532
    ],
    [
      -0.41434101788331557,
      1.4173513455031546,
      -1.6511170663463168
    ],
    [
      0.25152255769036147,
      1.4454929400791885,
      -0.7042873546575924
    ],
    [
      1.3791431881103668,
      -0.879420027784842,
      -3.224758504040589
    ],
    [
      -0.2940372946708862,
      0.365741060050801,
      0.9935309977392117
    ],
    [
      -1.6922011481508625,
      -0.49687905564625057,
      1.809329773194544
    ],
    [
      -0.3272543576061529,
      -1.7520278857799976,
      0.5338949084594697
    ],
    [
      -0.7726542056243919,
      1.7768016777994435,
      -0.6275807368664089
    ],
    [
      1.0542904784600273,
      -1.1720649451453182,
      1.7409082286032913
    ],
    [
      -0.18065703844661576,
      -0.3284576851892401,
      -1.0538348215886775
    ],
    [
      -0.007660822297621228,
      -0.9715663259303572,
      -0.18636480550101203
    ],
    [
      0.2596735638412626,
      -0.7637643079844207,
      2.450893562246362
    ],
    [
      1.1081025656673082,
      -0.8567813237285741,
      -0.18089433850429248
    ],
    [
      1.3588821922514658,
      0.2315020471147335,
      -0.07015530895863316
    ],
    [
      -0.5628668973851875,
      -0.03837730880535773,
      -0.02273496001772848
    ],
    [
      0.6275119383571258,
      0.8898040673364261,
      0.5089158220296145
    ]
  ],
  "final_pair_distance_mean": 2.4700762645883563,
  "final_pair_distance_min": 1.0401984985964945,
  "final_pair_distance_max": 5.909444847889255
}