{
  "index": 0,
  "seed_state": "simulacao\\experiment_results\\gonm_lj38_parallel_escape_freeze_10x_1000k\\instance_00_seed_state.npz",
  "stage1_final_energy": -150.51388243700768,
  "stage1_evals": 297720,
  "stage1_runtime_ms": 871759.6832000001,
  "stage2_final_energy": -151.0094090053415,
  "stage2_evals": 704304,
  "stage2_runtime_ms": 2196751.5864999997,
  "total_evals": 1002024,
  "total_runtime_ms": 3068511.2697,
  "final_best_positions": [
    [
      -0.7221369006956376,
      1.323765076169442,
      -0.9059499061068466
    ],
    [
      -0.8581286466113431,
      -1.2585795799828146,
      0.025755049561889336
    ],
    [
      -0.2907892518449396,
      -0.40775740515160924,
      -0.3822546100195561
    ],
    [
      0.3121635288340002,
      -0.6758193297375714,
      1.290663953483775
    ],
    [
      -0.17716787956425692,
      -2.0898356267768574,
      0.2364437369236044
    ],
    [
      0.16576761759615385,
      -1.0626674173730235,
      0.2906720741418225
    ],
    [
      1.5417034409102959,
      2.540468510129373,
      0.04356457790262052
    ],
    [
      1.7574274738290223,
      -1.1606992707434685,
      -0.3283229957253353
    ],
    [
      -0.1835518164084876,
      0.6165929968610644,
      -0.25195163946370325
    ],
    [
      -1.4635889711176198,
      0.2280331871413771,
      0.8681198146743461
    ],
    [
      0.0030331918423178073,
      -1.39036860189357,
      -0.7324869056359944
    ],
    [
      0.6130849204031636,
      -1.738956420369276,
      0.9818460786895361
    ],
    [
      -1.0010792426446906,
      -0.916003369899925,
      -1.0124251057934426
    ],
    [
      0.9347125286495407,
      0.47333471661111387,
      -0.420946906976725
    ],
    [
      -1.5188637063496775,
      -0.8838735209480832,
      0.8312850960957109
    ],
    [
      0.5395549119654955,
      1.0852516214773251,
      0.4029508872419888
    ],
    [
      0.8578022426093723,
      -1.75366139671639,
      -0.12842730031460162
    ],
    [
      -1.219162112934565,
      0.810805803084436,
      -0.03285909975240213
    ],
    [
      -0.2129837028148921,
      2.323288517930358,
      -0.6900327352712253
    ],
    [
      1.3188429755050814,
      1.7541540503061341,
      0.8160475774996052
    ],
    [
      -0.4389724522337155,
      1.6011716212437006,
      0.13017269538587592
    ],
    [
      0.9134211957146907,
      2.332452178096654,
      -0.869333672168581
    ],
    [
      1.1753874809426617,
      -0.81717013849813,
      0.5557176367354368
    ],
    [
      0.5155823206386666,
      2.136823507069561,
      0.1423117719589425
    ],
    [
      0.3765580509268663,
      1.3933475299821962,
      -0.7060833336823302
    ],
    [
      -3.0070848003484834,
      1.9433258196635221,
      0.7682376349984366
    ],
    [
      0.7859303721138022,
      -0.6233134738125867,
      -0.4854673186553848
    ],
    [
      1.679835851151586,
      -1.8067316396056037,
      0.6015413904660237
    ],
    [
      -0.511845714965208,
      -1.3954088680372674,
      1.0661458300856557
    ],
    [
      1.3635531574616604,
      1.487903721972131,
      -0.2537908022849756
    ],
    [
      -0.8516523979856844,
      -2.0733108349799014,
      -0.6901623022014034
    ],
    [
      -0.4256009945555018,
      0.7019998898557117,
      0.7962133193492559
    ],
    [
      -0.5733624780251052,
      -0.3615043124214733,
      0.657145185212464
    ],
    [
      0.22014917024081973,
      -2.4754500413957143,
      -0.7342262172734917
    ],
    [
      -1.3442359092942588,
      -0.2801724794160342,
      -0.12101886973024027
    ],
    [
      -0.9039085721053081,
      0.25175633270425957,
      -0.9979945308685173
    ],
    [
      0.4233320208109524,
      -0.007238635055629695,
      0.41167378572600083
    ],
    [
      0.20627309835322494,
      0.1740472825165708,
      -1.1727738442082345
    ]
  ],
  "final_pair_distance_mean": 2.467908471704281,
  "final_pair_distance_min": 1.0381582142420263,
  "final_pair_distance_max": 6.004826706843342
}