{
  "index": 9,
  "seed_state": "simulacao\\experiment_results\\gonm_lj38_parallel_escape_freeze_10x_1000k\\instance_09_seed_state.npz",
  "stage1_final_energy": -150.44935934826302,
  "stage1_evals": 297720,
  "stage1_runtime_ms": 867859.4758999998,
  "stage2_final_energy": -150.9826736758627,
  "stage2_evals": 704304,
  "stage2_runtime_ms": 2190044.4204,
  "total_evals": 1002024,
  "total_runtime_ms": 3057903.8963,
  "final_best_positions": [
    [
      0.5486810127943872,
      1.433883211598674,
      -0.849589257687719
    ],
    [
      0.7446331947207049,
      -1.304844464500733,
      -0.40868868918702245
    ],
    [
      0.5822493469759744,
      -0.2663527684436842,
      -0.09495018910594659
    ],
    [
      -0.967206332407697,
      -1.14788093485938,
      0.20865553302818182
    ],
    [
      0.6696695437537357,
      -1.9304889966476642,
      0.5033333527344248
    ],
    [
      0.09581506828402944,
      -1.036592913582492,
      0.4167040529413689
    ],
    [
      -1.5042724323812886,
      2.5048533173745944,
      0.6441783974090596
    ],
    [
      0.07435909958275269,
      -0.4062837998938978,
      2.0190244244252815
    ],
    [
      0.08322551497312881,
      0.6346261620710616,
      -0.27690106051982566
    ],
    [
      -0.31235650970947654,
      -0.47260260055929104,
      -1.6297423019151085
    ],
    [
      1.1590279997179438,
      -0.86021434056568,
      0.5838951359983314
    ],
    [
      -0.3917948109010523,
      -1.8347208483912048,
      0.9340466420763818
    ],
    [
      1.5690382807291103,
      -0.562175560641755,
      -0.42217282204898765
    ],
    [
      -0.12452134020374238,
      0.7774253297640619,
      0.8044435747377405
    ],
    [
      0.12170448387087356,
      -1.4830663808486466,
      -1.3131996167361053
    ],
    [
      -0.9338997844563299,
      0.8683875288404296,
      0.05532512777847094
    ],
    [
      0.4731411720918806,
      -1.2526144398796124,
      1.3921377033899973
    ],
    [
      0.17953542008234025,
      0.47830702517282886,
      -1.3467237398215548
    ],
    [
      -0.2019864665098669,
      2.2899213773581937,
      -0.773170060054351
    ],
    [
      -1.823421011498911,
      1.4337057014443253,
      0.4471035953029234
    ],
    [
      -0.5508502312720299,
      1.2526993493573781,
      -0.9115612701462611
    ],
    [
      -0.4202754061043893,
      2.618273331703851,
      0.3222567442932567
    ],
    [
      -0.5896950672961383,
      -0.705277493318149,
      1.1834866395872545
    ],
    [
      -1.0892377766065953,
      1.929169777977442,
      -0.21470727961442923
    ],
    [
      -0.037467057402561024,
      1.6178583234202117,
      0.08510849815540535
    ],
    [
      -0.7213665908656347,
      0.7138092617057797,
      -3.628361391293197
    ],
    [
      0.3871379016360685,
      -0.16976276585286493,
      0.9902077167426445
    ],
    [
      -0.42592969094318867,
      -1.419921960446223,
      2.0041071018463974
    ],
    [
      -0.19443014264815767,
      -1.8582958279302575,
      -0.23497734817756857
    ],
    [
      -0.8105466609098576,
      1.6666056600341037,
      0.838793037058637
    ],
    [
      1.68707715395117,
      -1.6408770180158958,
      0.05480162676070692
    ],
    [
      -0.7485924285630847,
      0.14887395708971704,
      -0.803521264122344
    ],
    [
      -0.24758490965943775,
      -0.7912900078489681,
      -0.5807511783193974
    ],
    [
      1.483571573019038,
      -1.7066299857638414,
      1.2020777465399766
    ],
    [
      0.7007006686342144,
      -0.5014701841865883,
      -1.1550197918104794
    ],
    [
      1.0975314282482385,
      0.4675017164437551,
      -0.7129203683307119
    ],
    [
      -0.4816744792046558,
      -0.12382613440323584,
      0.25422273433695664
    ],
    [
      0.9200102664785044,
      0.639288395223657,
      0.4130482437476117
    ]
  ],
  "final_pair_distance_mean": 2.4759163950296674,
  "final_pair_distance_min": 1.0448340787297368,
  "final_pair_distance_max": 6.030322811958931
}