{
  "index": 3,
  "seed_state": "simulacao\\experiment_results\\gonm_lj38_parallel_escape_freeze_10x_1000k\\instance_03_seed_state.npz",
  "stage1_final_energy": -150.41228022805078,
  "stage1_evals": 297720,
  "stage1_runtime_ms": 871704.1085999999,
  "stage2_final_energy": -151.11574443203932,
  "stage2_evals": 704304,
  "stage2_runtime_ms": 2201709.5337,
  "total_evals": 1002024,
  "total_runtime_ms": 3073413.6423,
  "final_best_positions": [
    [
      1.7014896779999265,
      0.3235064983747024,
      0.2007937828835093
    ],
    [
      -0.4262089959530208,
      -0.03502806119937096,
      -1.4737345223270397
    ],
    [
      0.1420111600408488,
      -0.2776463246089912,
      -0.5595541546643756
    ],
    [
      -1.4496243875854928,
      0.44793733848398887,
      -0.053509972846907096
    ],
    [
      -1.3265564660878968,
      -0.6930613075354851,
      -1.4761021574709272
    ],
    [
      -0.9125905196613957,
      -0.3447302211641353,
      -0.5523265337379594
    ],
    [
      0.9843882613448833,
      0.2037575514290651,
      2.8106440507794686
    ],
    [
      -1.143281397837106,
      -1.6698116747393912,
      0.5015338483185731
    ],
    [
      0.5988080122874485,
      0.22501543513523872,
      0.2269206123173684
    ],
    [
      0.11071812050032762,
      1.5478125741903324,
      -0.7448965285893425
    ],
    [
      -0.3153780091796983,
      -1.102295322156237,
      -1.063239751178056
    ],
    [
      -1.975610026438667,
      -0.4343076564951712,
      -0.5873069624575322
    ],
    [
      0.547297388858719,
      -0.5181855473716201,
      -1.5514130143554474
    ],
    [
      0.1958301141731004,
      -0.6062254302810218,
      0.9194232347588838
    ],
    [
      -0.5207000509840135,
      1.0580886037695842,
      -1.5563907526665501
    ],
    [
      0.16577959173262274,
      0.4621970043950552,
      1.198809927785963
    ],
    [
      -1.2682252427261425,
      -1.3549417306830611,
      -0.5532933954395542
    ],
    [
      1.008398676945123,
      1.0241745044636055,
      -0.35798622818013376
    ],
    [
      1.979456379314681,
      0.6290797312409222,
      1.2537865448345196
    ],
    [
      0.04413835758429623,
      0.5800634661997967,
      2.302348784109013
    ],
    [
      1.048782697014136,
      1.0487374493990183,
      0.7698559523021429
    ],
    [
      1.6911843732193854,
      -0.1753777471255186,
      2.011434300122919
    ],
    [
      -1.365446014869228,
      -0.5908512037089246,
      0.3906346412623137
    ],
    [
      1.0344329503949135,
      0.7057072182435089,
      1.824392046104708
    ],
    [
      1.1743685163726754,
      -0.10542059573495843,
      1.0462557027127484
    ],
    [
      1.4715251340050886,
      3.092012966920025,
      -0.40709512886314836
    ],
    [
      -0.33956126407820725,
      -1.0236520365258455,
      0.07291138525215861
    ],
    [
      -2.143038261466659,
      -1.3196725131766889,
      0.10925183147648858
    ],
    [
      -1.3990321710635272,
      0.3961772724936864,
      -1.1711712312130962
    ],
    [
      0.570107942779893,
      -0.31939477598756255,
      1.9216398662887553
    ],
    [
      -0.4286887775579187,
      -0.937722423471513,
      -2.13029536252533
    ],
    [
      0.020356127726947688,
      1.1226315998808931,
      0.29308445236825975
    ],
    [
      -0.4547625359521317,
      0.6299395445584115,
      -0.5627569748557487
    ],
    [
      -1.0405248126386857,
      -1.7505877875472013,
      -1.583271483435964
    ],
    [
      0.4319754616804625,
      0.5777547414106234,
      -1.2023950580213851
    ],
    [
      1.1892693679975037,
      -0.05667767459594078,
      -0.6966146987301456
    ],
    [
      -0.46444566286969713,
      0.05986306149712847,
      0.35459041053698465
    ],
    [
      0.8633562849765055,
      -0.8188665279769476,
      0.07504253734386673
    ]
  ],
  "final_pair_distance_mean": 2.4601717145127884,
  "final_pair_distance_min": 1.0391702305351882,
  "final_pair_distance_max": 5.726661461849514
}