{
  "index": 6,
  "seed_state": "simulacao\\experiment_results\\gonm_lj38_parallel_escape_freeze_10x_1000k\\instance_06_seed_state.npz",
  "stage1_final_energy": -150.81678515467917,
  "stage1_evals": 297720,
  "stage1_runtime_ms": 867406.7886999999,
  "stage2_final_energy": -151.91587423158578,
  "stage2_evals": 704304,
  "stage2_runtime_ms": 2191155.9229000006,
  "total_evals": 1002024,
  "total_runtime_ms": 3058562.7116000005,
  "final_best_positions": [
    [
      -1.2663996880819506,
      0.7036954753465069,
      -0.9524596195628019
    ],
    [
      1.3637692446684528,
      -0.046364027848557164,
      -0.7330028604119492
    ],
    [
      0.4181706821850134,
      0.3708725163300539,
      -0.3662748887001889
    ],
    [
      0.7617030272783892,
      -1.1576415504856097,
      0.5751089847893303
    ],
    [
      2.09091856269833,
      -0.003908464272442213,
      0.10685035295664577
    ],
    [
      1.044135798821062,
      -0.15124393270940378,
      0.2951610633127021
    ],
    [
      -2.6704351508764685,
      -0.09096915343621509,
      1.2462461935167957
    ],
    [
      0.7691914249992254,
      0.7454027766308012,
      1.7442534894722344
    ],
    [
      -0.5833947980436022,
      0.0998445814744381,
      -0.33836452929384686
    ],
    [
      0.03240606416923567,
      -1.1331831212595291,
      -1.3648578892465724
    ],
    [
      1.3030826247541873,
      0.8717765922429881,
      -0.02550684683781654
    ],
    [
      1.7063002798893703,
      -0.6456068252963607,
      0.9695914338516602
    ],
    [
      0.9760277278085906,
      0.9074755479226397,
      -1.1066686630917406
    ],
    [
      -0.5984603116219512,
      0.43994373731830877,
      0.8268953960367164
    ],
    [
      1.1581299739252988,
      -0.9943368601717414,
      -1.2589805295998147
    ],
    [
      -1.1110818153915283,
      -0.4650668565316204,
      0.4236634050475632
    ],
    [
      1.5339526685390659,
      0.49046040943684743,
      0.9962068614793056
    ],
    [
      -0.6756464201439644,
      -0.25521467940506654,
      -1.338887241892005
    ],
    [
      -2.3068662501353177,
      0.5182061650318013,
      -0.5339067677383177
    ],
    [
      -1.8536041539050725,
      -0.8642556450346268,
      1.154244531420444
    ],
    [
      -1.54439569949416,
      -0.3326162397395934,
      -0.6274014602275699
    ],
    [
      -2.439007671748975,
      0.7708782328188392,
      0.5664184684490733
    ],
    [
      0.6633329825198079,
      -0.27235177167722907,
      1.2990311466192874
    ],
    [
      -2.164727716990607,
      -0.2524973687012042,
      0.27639102510673375
    ],
    [
      -1.4359512977554245,
      0.5881870960410198,
      0.12443945828194578
    ],
    [
      -1.3031797044999063,
      -1.2003902249827965,
      -2.14528926046905
    ],
    [
      0.456591462063398,
      0.6644982436511365,
      0.6808822956175419
    ],
    [
      1.5365000577631147,
      -0.0735741914591934,
      1.9471476988236105
    ],
    [
      1.576142220043737,
      -0.9782070842779298,
      -0.17455494905696173
    ],
    [
      -1.6256870150102103,
      0.24393565601772238,
      1.1420408455234146
    ],
    [
      2.1286672132985287,
      0.7637260955780041,
      -0.7324058035492932
    ],
    [
      -0.6124741953353017,
      -0.9674875581246166,
      -0.458961782818197
    ],
    [
      0.48222649944263374,
      -0.7179040122358334,
      -0.4469774772992404
    ],
    [
      2.312353688972058,
      1.0499999704971985,
      0.3685808496460362
    ],
    [
      0.445274477600063,
      -0.10912587843649772,
      -1.3633485206029305
    ],
    [
      -0.18837643652503647,
      0.7744498807401522,
      -1.1639016470004242
    ],
    [
      -0.02549171699008447,
      -0.3893899598298627,
      0.4419068736082542
    ],
    [
      -0.353696638890001,
      1.097982428837472,
      -0.05330963616057443
    ]
  ],
  "final_pair_distance_mean": 2.422498427982892,
  "final_pair_distance_min": 1.0379636510108958,
  "final_pair_distance_max": 5.260888821863769
}